measure,luna_rules,opus_rules,ratio,luna_tests,opus_tests,luna_unlinked_rules,opus_unlinked_rules,same_profile,same_source_set,shared_source_hashes_match,luna_run,opus_run
o6_10,37,91,2.46,6,56,37,5,True,True,True,v2-o6_10-luna-high-20261003,v2-o6_10-opus-5.5-high-20260925
o6_11,26,76,2.92,7,60,0,11,True,True,True,v2-o6_11-luna-20260920,v2-o6_11-opus-5.5-high-20261001
o6_12,24,91,3.79,7,68,6,9,True,True,True,v2-o6_12-luna-high-20261003,v2-o6_12-opus-5.5-high-20260926
o6_13,32,80,2.5,6,77,6,7,True,True,True,v2-o6_13-luna-high-20261004,v2-o6_13-opus-5.5-high-20260926
o6_14,59,126,2.14,5,122,24,14,True,True,True,v2-o6_14-luna-high-20261004,v2-o6_14-opus-5.5-high-20260926
o6_15,44,95,2.16,11,64,17,13,True,True,True,v2-o6_15-luna-high-20261004,v2-o6_15-opus-5.5-high-20260926
o6_16,71,131,1.85,6,140,0,21,True,True,True,v2-o6_16-luna-high-20261005,v2-o6_16-opus-5.5-high-20261002
o6_17,48,118,2.46,4,112,26,30,True,True,True,v2-o6_17-luna-high-20261005,v2-o6_17-opus-5.5-high-20261002
o6_18,39,125,3.21,8,96,1,18,True,True,True,v2-o6_18-luna-high-20261005,v2-o6_18-opus-5.5-high-20260927
o6_19,32,102,3.19,9,76,9,11,True,True,True,v2-o6_19-luna-high-20261005,v2-o6_19-opus-5.5-high-20260927
o6_1a,37,166,4.49,10,143,0,7,True,True,True,v2-o6_1a-luna-high-20260930,v2-o6_1a-opus-5.5-high-20260929
o6_1b,43,200,4.65,9,111,43,20,True,True,True,v2-o6_1b-luna-high-20260930,v2-o6_1b-opus-5.5-high-20260925
o6_1c,46,97,2.11,12,74,25,7,True,True,True,v2-o6_1c-luna-high-20260930,v2-o6_1c-opus-5.5-high-20260925
o6_2,39,82,2.1,22,87,14,7,True,True,True,v2-o6_2-luna-high-20260930,v2-o6_2-opus-5.5-high-20260930
o6_20,41,97,2.37,5,61,0,6,True,True,True,v2-o6_20-luna-high-20261005,v2-o6_20-opus-5.5-high-20260928
o6_21,40,124,3.1,6,75,20,19,True,True,True,v2-o6_21-luna-high-20261005,v2-o6_21-opus-5.5-high-20260928
o6_22,55,126,2.29,9,84,51,15,True,True,True,v2-o6_22-luna-high-20261005,v2-o6_22-opus-5.5-high-20260928
o6_23,28,88,3.14,10,60,0,19,True,True,True,v2-o6_23-luna-high-20261005,v2-o6_23-opus-5.5-high-20260928
o6_24,33,62,1.88,6,62,23,7,True,True,True,v2-o6_24-luna-high-20261005,v2-o6_24-opus-5.5-high-20260928
o6_3,29,74,2.55,5,45,13,0,True,True,True,v2-o6_3-luna-high-20261001,v2-o6_3-opus-5.5-high-20260930
o6_4,24,74,3.08,11,57,24,10,True,True,True,v2-o6_4-luna-high-20261001,v2-o6_4-opus-5.5-high-20260925
o6_5,55,97,1.76,10,93,17,21,True,True,True,v2-o6_5-luna-high-20261002,v2-o6_5-opus-5.5-high-20260925
o6_6,67,111,1.66,5,101,33,16,True,True,True,v2-o6_6-luna-high-20261002,v2-o6_6-opus-5.5-high-20260925
o6_7,68,107,1.57,11,106,42,10,True,True,True,v2-o6_7-luna-high-20261002,v2-o6_7-opus-5.5-high-20260925
o6_8,39,114,2.92,6,92,0,8,True,True,True,v2-o6_8-luna-high-20261002,v2-o6_8-opus-5.5-high-20261001
o6_9,42,96,2.29,3,60,14,16,True,True,True,v2-o6_9-luna-high-20261002,v2-o6_9-opus-5.5-high-20260925
